<?xml version="1.0" encoding="UTF-8" standalone="yes"?>
<addon id="script.module.ouya-readingrainbow-launcher"
  name="Reading Rainbow"
  version="1.0.0" 
  provider-name="Eldon McGuinness">
  <requires>
    <import addon="xbmc.python" version="2.1.0"/>
  </requires>
  <extension point="xbmc.python.script" library="default.py">
    <provides>executable</provides>
  </extension>
  <extension point="xbmc.addon.metadata">
    <platform>all</platform>
    <summary lang="en">Reading Rainbow
    </summary>
    <description lang="en">This add-on launches the Reading Rainbow app.
	</description>
  </extension>
</addon>
