<?xml version="1.0" encoding="UTF-8" standalone="yes"?>
<addon id="plugin.audio.com.spotify.music"
  name="Spotify"
  version="1.0.0" 
  provider-name="Eldon McGuinness">
  <requires>
    <import addon="xbmc.python" version="2.1.0"/>
  </requires>
  <extension point="xbmc.python.script" library="default.py">
    <provides>audio</provides>
  </extension>
  <extension point="xbmc.addon.metadata">
    <platform>all</platform>
    <summary lang="en">Spotify</summary>
    <description lang="en">This add-on launches the Spotify Android application.

Source: https://github.com/ProgressiveThinkin
Original: https://github.com/nuskunetworks</description>
  </extension>
</addon>
