<?xml version="1.0" encoding="UTF-8" standalone="yes"?>
<addon id="script.module.ouya-discover-store" name="Discover Store" version="1.1.0"  provider-name="ProgressiveThink.in">
  <requires>
    <import addon="xbmc.python" version="2.1.0"/>
  </requires>
  <extension point="xbmc.python.script" library="default.py">
    <provides>executable</provides>
  </extension>
  <extension point="xbmc.addon.metadata">
    <platform>android</platform>
    <summary lang="en">
        Launch the OUYA Discover Store
    </summary>
    <description lang="en">
        This add-on launches the OUYA Discover Store.
    </description>
  </extension>
</addon>
