<?xml version="1.0" encoding="UTF-8" standalone="yes"?>
<addon id="script.module.ouya-netflix-launcher"
  name="Netflix"
  version="1.1.0" 
  provider-name="Eldon McGuinness">
  <requires>
    <import addon="xbmc.python" version="2.1.0"/>
  </requires>
  <extension point="xbmc.python.script" library="default.py">
    <provides>video</provides>
  </extension>
  <extension point="xbmc.addon.metadata">
    <platform>all</platform>
    <summary lang="en">Netflix
    </summary>
    <description lang="en">This add-on launches the Netflix Android application.

Source: https://github.com/ProgressiveThinkin
Original: https://github.com/nuskunetworks</description>
  </extension>
</addon>
