<?xml version="1.0" encoding="UTF-8" standalone="yes"?>
<addon id="script.module.ouya-controller-pairing" name="Controller Pairing" version="1.1.1"  provider-name="ProgressiveThink.in">
  <requires>
    <import addon="xbmc.python" version="2.1.0"/>
  </requires>
  <extension point="xbmc.python.script" library="default.py">
    <provides>executable</provides>
  </extension>
  <extension point="xbmc.addon.metadata">
    <platform>android</platform>
    <summary lang="en">
        Pair controllers with your OUYA
    </summary>
    <description lang="en">
        This add-on launches the OUYA controller pairing screen.
    </description>
  </extension>
</addon>
