<?xml version="1.0" encoding="UTF-8" standalone="yes"?>
<addon id="plugin.video.gracelink-kindergarten"
  name="Gracelink Kindergarten"
  version="1.0.0" 
  provider-name="Eldon McGuinness">
  <requires>
    <import addon="xbmc.python" version="2.1.0"/>
  </requires>
  <extension point="xbmc.python.pluginsource" library="default.py">
    <provides>video</provides>
  </extension>
  <extension point="xbmc.addon.metadata">
    <platform>all</platform>
    <summary lang="en">Gracelink Kindergarten</summary>
    <description lang="en">This add-on gives you access to Gracelink's RSS list of video and audio media files.</description>
  </extension>
</addon>
